file_name,text
0000.jpg,在花园里有一个美丽的橙色花
0001.jpg,一种在三种不同的群体中形成的白色花
0002.jpg,花园里的花
0003.jpg,花市的花
0004.jpg,白色的花。有绿色的中心。
0005.jpg,白色背景的黄色花
0006.jpg,罐子里的花
0007.jpg,花在花床里
0008.jpg,黄色的花在花束中
0009.jpg,在一个花束中的紫色花。
0010.jpg,神庙和天空前面的花朵
0011.jpg,罐子里的花
0012.jpg,黑白的花图
0013.jpg,花园里的黄色花
0014.jpg,花瓶中的白色花
0015.jpg,桃花粉红色和白色
0016.jpg,在一个黑暗中的红花
0017.jpg,白色花在黑色背景
0018.jpg,孤立的橙花在透明的背景上。孤立
0019.jpg,花瓶中的白色花
0020.jpg,罐子里的花
0021.jpg,黄色的花在花床里
0022.jpg,罐子里的花
0023.jpg,一个花在香港的花市
0024.jpg,花园里的一个粉红色花
0025.jpg,花市的花
0026.jpg,窗子里的花
0027.jpg,窗子里的花
0028.jpg,花瓶中红色的花
0029.jpg,有黄色中心的红色花
0030.jpg,花园里的红花
0031.jpg,花箱里的花
0032.jpg,花园里的黄色花
0033.jpg,这个花在日本的一个罐子里
0034.jpg,花园里的白色花
0035.jpg,花瓶中的花   stock vector 
0036.jpg,房子里的花
0037.jpg,我的花园里的粉红色花
0038.jpg,窗子里的花
0039.jpg,花市的花
0040.jpg,罐子里的花
0041.jpg,我的花园里有黄色的草坪
0042.jpg,窗子里的花
0043.jpg,黄色的花在绿色的床上
0044.jpg,花在市场上
0045.jpg,一种粉黄色的花
0046.jpg,花瓶里的红花
0047.jpg,白色花瓶中的花
0048.jpg,花园里的粉红色花
0049.jpg,厨房桌上的花瓶
0050.jpg,花瓶中的粉红色花
0051.jpg,植物园里的绿色花
0052.jpg,花箱里的花
0053.jpg,一种粉红色的花
0054.jpg,花市的花
0055.jpg,我的花园里有一朵粉红色的花。
0056.jpg,罐子里的黄色花
0057.jpg,花园里的粉黄色花
0058.jpg,花瓶中的橘子花
0059.jpg,我花园里的黄色花。
0060.jpg,这些花放在房子外面的罐子里
0061.jpg,花市的花
0062.jpg,花市的花
0063.jpg,袋里的花
0064.jpg,碗里的蓝色花
0065.jpg,花园里的黄色花
0066.jpg,花园里的粉红色花
0067.jpg,白玫瑰花开花
0068.jpg,农场的花床里的一个花
0069.jpg,花在花床里
0070.jpg,透明背景的孤立黄色花
0071.jpg,花瓶中的花
0072.jpg,花在花床里
0073.jpg,花瓶中的粉红色花
0074.jpg,花:花园中的白色花
0075.jpg,花市的花
0076.jpg,花束中的白色花
0077.jpg,花束里有白色的达利亚
0078.jpg,花园中的黄色花
0079.jpg,花瓶中的白色花
0080.jpg,花在花市
0081.jpg,花市的花
0082.jpg,房子的花园里的花
0083.jpg,酒店花园里的一个粉红色的花
0084.jpg,罐子里的花
0085.jpg,花园里的花
0086.jpg,这是一幅干燥的碗
0087.jpg,我的厨房里有橘子花
0088.jpg,花园里的花
0089.jpg,罐子里的蓝色花
0090.jpg,花在花床里
0091.jpg,花市的花
0092.jpg,罐子里的花
0093.jpg,箱子里的花
0094.jpg,一个白色的达利亚花的近景
0095.jpg,一个箱子里的花
0096.jpg,花儿正在开花
0097.jpg,花园里的花束
0098.jpg,花园中的黄色花
0099.jpg,花园中的黄色花
0100.jpg,这些花在房子的花园里
0101.jpg,花园里的黄色花
0102.jpg,一个白色的花在白色背景上孤立。
0103.jpg,花园里的黄色花
0104.jpg,花园里的白色花
0105.jpg,我的花园里的黄色花
0106.jpg,花在市场上
0107.jpg,我的房子里有粉红色的花
0108.jpg,罐子里的花
0109.jpg,我的花园里的黄色花
0110.jpg,我的花园里的黄色花
0111.jpg,在一个花园里的一个粉黄色的花
0112.jpg,花园中的红白花
0113.jpg,花束中的一个红色花
0114.jpg,花束在市场里
0115.jpg,白色背景的黄色花
0116.jpg,我的花园里的黄色花
0117.jpg,这个花在中国的罐子里
0118.jpg,单一红色的达利亚花在白色上
0119.jpg,花以框架的形式
0120.jpg,花在市场上
0121.jpg,花瓶中黄色的花
0122.jpg,花箱里的花
0123.jpg,花瓶中的粉红色花
0124.jpg,花园里的白色花
0125.jpg,花瓶中的粉红色花
0126.jpg,黄色的花在花市
0127.jpg,花在市场上
0128.jpg,罐子里的黄色花
0129.jpg,花儿真漂亮。
0130.jpg,花在花床里
0131.jpg,椅子上的花
0132.jpg,花在花床里
0133.jpg,我的花园里的黄色花
0134.jpg,在罐子里放着一只粉红色的花
0135.jpg,黄色的花在篮子里
0136.jpg,花瓶中的花
0137.jpg,在一个透明的背景上的粉红色花
0138.jpg,我的花园里有一朵白色的花
0139.jpg,红色的达利亚花在白色背景上孤立
0140.jpg,这是我花园里的白色花。
0141.jpg,花束里有一只粉红色的戴西
0142.jpg,花在窗框中
0143.jpg,黄色的花在花床里
0144.jpg,花在市场上
0145.jpg,公园里的黄色花
0146.jpg,罐子里的白色花
0147.jpg,红色和黄色的花
0148.jpg,寄养室的蝴蝶花园里的一个花
0149.jpg,粉红花在粉红花前面
0150.jpg,花在花床里
0151.jpg,白色的花
0152.jpg,酒店花园里的黄色花
0153.jpg,红花草在花壇上
0154.jpg,玻璃瓶中的紫色花
0155.jpg,在一个白碗里的红花。
0156.jpg,蓝天花
0157.jpg,有红色中心的黄色花
0158.jpg,花瓶中的紫色花
0159.jpg,花束
0160.jpg,花是黄色的
0161.jpg,黄花在阳光下
0162.jpg,花市的黄色花
0163.jpg,白色背景的红花
0164.jpg,玻璃碗里的花
0165.jpg,花在市场上
0166.jpg,一条紫色的花在路边的罐子里
0167.jpg,圣路易斯的花市的花
0168.jpg,花园中的黄色花
0169.jpg,花园里的黄色花
0170.jpg,酒店花园里的黄色花
0171.jpg,花瓶中的黄色花
0172.jpg,花瓶中的白色玫瑰
0173.jpg,花园里的白色花
0174.jpg,我的花园里有一朵红花
0175.jpg,这是花在花床里的一个花
0176.jpg,有花束的椅子
0177.jpg,孤立的白色花在透明的背景上
0178.jpg,花在窗框中
0179.jpg,白花在黑色背景
0180.jpg,花市的黄色花
0181.jpg,白色花以黄色的中心 realistic风格
0182.jpg,白花在黑暗中
0183.jpg,有黄色的中心的白色花
0184.jpg,花市的花
0185.jpg,花瓶中的一个花的 closeup
0186.jpg,花束
0187.jpg,花在花床里
0188.jpg,花上有红色和白色
0189.jpg,黑色粉红色花
0190.jpg,花束中的橘子花
0191.jpg,在花园里的一个粉红色的花。
0192.jpg,白色背景的花瓶
0193.jpg,花在窗框中
0194.jpg,窗子里的花
0195.jpg,我的花园里的粉红色花
0196.jpg,我的花园里的黄色花
0197.jpg,窗子里的花
0198.jpg,花园中的橘子花
0199.jpg,在花园里。一朵白黄色的花
0200.jpg,花瓶里的粉红色花
0201.jpg,花园里的一个粉红色花
0202.jpg,花在市场上
0203.jpg,花园里的粉红色和白色花
0204.jpg,花瓶中的粉红色和橙色花
0205.jpg,粉红色的玫瑰
0206.jpg,花园里的红花
0207.jpg,白色玫瑰在白色背景中
0208.jpg,花卉市场中的牡丹
0209.jpg,桃花和白色的花束
0210.jpg,花园里的一个粉红色玫瑰
0211.jpg,一个粉红色牡丹在花园里
0212.jpg,玫瑰园里的粉红玫瑰
0213.jpg,在白色背景上孤立的粉红色花
0214.jpg,我的花园里有一朵粉红色的花
0215.jpg,花在市场上
0216.jpg,水彩风格的花
0217.jpg,花市上的粉红色牡丹
0218.jpg,花园里的粉红色花
0219.jpg,白色背景的粉红色花
0220.jpg,花开的粉红色玫瑰
0221.jpg,一个花在花床里
0222.jpg,一种粉红色的花
0223.jpg,一个箱子里的花
0224.jpg,花园里的粉红色花
0225.jpg,花瓶中的粉红色玫瑰
0226.jpg,花市的粉红色花
0227.jpg,玻璃瓶中的牡丹与白色的
0228.jpg,白色的袋子里装着红玫瑰花的花束
0229.jpg,粉红色花瓶中的粉红色玫瑰
0230.jpg,来自花园的花束
0231.jpg,我的花园里有一朵粉红色的花
0232.jpg,白色背景的花瓶中粉红色牡丹
0233.jpg,花园里的粉红色玫瑰
0234.jpg,花园里的一个粉红色牡丹花
0235.jpg,粉红色的牡丹在白色背景上。
0236.jpg,一个粉红色的花的中心
0237.jpg,在花壇上有一個粉紅色的牡丹
0238.jpg,牡丹是一种开花植物的属
0239.jpg,粉红色牡丹花
0240.jpg,花园里的一个粉红色花
0241.jpg,花开的粉红色玫瑰
0242.jpg,花盆中的牡丹
0243.jpg,墙上的粉红色和绿色玫瑰
0244.jpg,白色花瓶中的玫瑰
0245.jpg,花园里的粉红色花
0246.jpg,粉红色的牡丹
0247.jpg,牡丹属是植物的科
0248.jpg,花园里的一个粉红色玫瑰
0249.jpg,桌上的花束中的牡丹
0250.jpg,我的花园里有一朵粉红色的花。
0251.jpg,玫瑰园里的红玫瑰。
0252.jpg,花园里的粉红色玫瑰
0253.jpg,花园里的一个粉红色花
0254.jpg,花园里的粉红色花
0255.jpg,一个粉红色牡丹在花园里
0256.jpg,我的花园里有一朵粉红色的花
0257.jpg,花束中的白色玫瑰
0258.jpg,有叶子和芽的粉红色牡丹。
0259.jpg,牡丹属是植物的科
0260.jpg,一只粉红色的牡丹在花壇上。
0261.jpg,花园里的红玫瑰
0262.jpg,白色背景的粉红色花
0263.jpg,人为花瓶中的花
0264.jpg,花园里的粉红色玫瑰
0265.jpg,花园里的一个粉红色花
0266.jpg,花园里的白色玫瑰
0267.jpg,在白色的花束上放的牡丹
0268.jpg,花在花床里
0269.jpg,花园里的一个粉红色花
0270.jpg,花园里的粉红色花
0271.jpg,花市的粉红玫瑰
0272.jpg,花上的粉红色花瓣
0273.jpg,花是红色的
0274.jpg,花园里的一个粉红色花
0275.jpg,城市花园里的红花
0276.jpg,窗子里的玫瑰
0277.jpg,白色花瓶中的粉红色牡丹
0278.jpg,花园里的粉红色花
0279.jpg,花瓶里有粉红色的牡丹
0280.jpg,墙上的粉红色和绿色花
0281.jpg,白牡丹 、 松菜 、
0282.jpg,一个粉红色的花的 close up
0283.jpg,白色背景的粉红色玫瑰
0284.jpg,花束中的牡丹
0285.jpg,房子前面的花
0286.jpg,一个粉红色的牡丹。黑色背景
0287.jpg,花园里的一个粉红色花
0288.jpg,白色和粉红色的粉花
0289.jpg,花园里的粉红色花
0290.jpg,花园里的一个粉红色花
0291.jpg,粉红色牡丹和水彩的花
0292.jpg,粉红色牡丹花
0293.jpg,粉红色和白色的牡丹
0294.jpg,玫瑰园里的粉红玫瑰
0295.jpg,黑色花瓶中的粉红色牡丹
0296.jpg,花是粉红色的
0297.jpg,白色背景的粉红色牡丹
0298.jpg,花丛中的牡丹
0299.jpg,粉红色的牡丹在篮子里
0300.jpg,花园里的白色玫瑰
0301.jpg,粉红色的玫瑰黑白
0302.jpg,白色背景的粉红色花
0303.jpg,花园里的粉红色玫瑰
0304.jpg,花园里的一个粉红色花
0305.jpg,连串的粉红色玫瑰
0306.jpg,水彩的粉红色玫瑰
0307.jpg,森林中的花
0308.jpg,花瓶中的粉红色花
0309.jpg,花园里的粉红色花
0310.jpg,浴室墙上的牡丹
0311.jpg,花园里的一个粉红色花
0312.jpg,带玫瑰的头发花
0313.jpg,花园里的粉红色牡丹
0314.jpg,花园里的一个粉红色花
0315.jpg,花丛中的牡丹
0316.jpg,花束中的粉红色玫瑰
0317.jpg,花在花床里
0318.jpg,窗子里的花
0319.jpg,花瓶中的紫色花
0320.jpg,花园里的一个粉红色花
0321.jpg,在一个玫瑰花园里的一个粉红色玫瑰
0322.jpg,玫瑰园里的红玫瑰。
0323.jpg,白色玫瑰在白色背景中
0324.jpg,我的花园里的粉红色花
0325.jpg,花园里的红花
0326.jpg,粉红色牡丹花床
0327.jpg,花上的粉红色牡丹
0328.jpg,花瓶中的粉红色玫瑰
0329.jpg,粉红色的牡丹
0330.jpg,花园里的一个粉红色花
0331.jpg,花在花市出售
0332.jpg,阳光下的粉红色玫瑰
0333.jpg,在玫瑰园的红玫瑰
0334.jpg,粉红色牡丹。白色背景
0335.jpg,牡丹花束
0336.jpg,花园里的粉红色玫瑰
0337.jpg,蓝色的盆子里粉红色的牡丹
0338.jpg,粉红色的牡丹
0339.jpg,花园里的粉红色花
0340.jpg,一个粉红色牡丹花的 closup
0341.jpg,粉红色牡丹。绿色叶子在白色背景上
0342.jpg,我的花园里有一朵粉红色的花
0343.jpg,粉红色的玫瑰。绿色的叶子和粉红色的玫瑰。
0344.jpg,花园里的一个粉红色玫瑰
0345.jpg,花瓶里的牡丹
0346.jpg,在一个房子前面的花床
0347.jpg,粉红色的牡丹
0348.jpg,花卉市场中的牡丹
0349.jpg,桌上的花瓶里的一个花
0350.jpg,白色背景的粉红色花
0351.jpg,花卉市场中的牡丹
0352.jpg,一只粉白色的花在罐子里
0353.jpg,白色牡丹与白色背景
0354.jpg,花开的粉红色玫瑰
0355.jpg,漂亮的女孩。头发上有花
0356.jpg,花束中的牡丹
0357.jpg,粉红色的牡丹
0358.jpg,花园里的一个粉红色玫瑰
0359.jpg,粉红色的玫瑰花束与白色的海德兰花
0360.jpg,一种黑白的花
0361.jpg,红外的郁金香
0362.jpg,我的花园里有一朵红花
0363.jpg,蓝色花束
0364.jpg,花瓶中的粉红色牡丹
0365.jpg,粉红色的玫瑰
0366.jpg,我的花园里有一朵粉红色牡丹花。
0367.jpg,粉红色牡丹隔离于白色
0368.jpg,花市的花
0369.jpg,花园里的一个粉红色花
0370.jpg,粉红色牡丹在白色背景
0371.jpg,粉红色背景的牡丹
0372.jpg,一个粉红色的牡丹在花园里
0373.jpg,花园里的白色玫瑰
0374.jpg,粉红色的玫瑰
0375.jpg,花瓶中的粉红色牡丹
0376.jpg,红色的花
0377.jpg,花瓶在桌上的牡丹
0378.jpg,花卉市场中的牡丹  
0379.jpg,花园里的粉红色牡丹
0380.jpg,我的花园里有一朵粉红色的花。
0381.jpg,粉红色的牡丹
0382.jpg,花园里的粉红色玫瑰
0383.jpg,在我的客厅里有一个粉红色的花
0384.jpg,花瓶中的牡丹
0385.jpg,在玫瑰花园里。一个粉红色的牡丹
0386.jpg,花园里的粉红色玫瑰
0387.jpg,我的花园里有一朵粉红色的玫瑰
0388.jpg,花瓶中的红玫瑰
0389.jpg,粉红色玫瑰在篮子里
0390.jpg,水彩风格的粉红色玫瑰
0391.jpg,白色牡丹在绿色花瓶中
0392.jpg,白色花瓶中的粉红色玫瑰
0393.jpg,花束中的粉红色玫瑰
0394.jpg,蛋糕被粉末覆盖了。蛋糕被粉末覆盖了
0395.jpg,花束中的粉红色玫瑰
0396.jpg,白色的粉红色牡丹
0397.jpg,牡丹是白色牡丹和黄色牡丹
0398.jpg,花园里的粉红色玫瑰
0399.jpg,花是紫色的
0400.jpg,蝴蝶之家的兰花
0401.jpg,花是紫色的
0402.jpg,橘子植物的黄色花
0403.jpg,桌上的盆子里有花朵
0404.jpg,罐子里的花
0405.jpg,我的花园里有一朵白花。
0406.jpg,白盆花
0407.jpg,花卉市场中的兰花
0408.jpg,蝴蝶之家的兰花
0409.jpg,我的花园里有一朵粉红色的花
0410.jpg,玻璃花瓶中的兰花在白色花瓶上
0411.jpg,花瓶中红色兰花
0412.jpg,花卉市场中的兰花
0413.jpg,世界上最漂亮的蓝色花
0414.jpg,粉红色和白色的兰花
0415.jpg,我的花园里的粉红色花
0416.jpg,花卉市场中的兰花
0417.jpg,白色花在黑色背景
0418.jpg,在热带花园里开花的兰花
0419.jpg,花卉市场中的兰花
0420.jpg,玫瑰花粉红色
0421.jpg,粉红色和白色的兰花
0422.jpg,玻璃屋里的兰花
0423.jpg,窗子里的花
0424.jpg,厨房橱窗里的兰花
0425.jpg,紫兰花在我的厨房的锅里
0426.jpg,在绿色房子里开花的兰花
0427.jpg,蓝色和绿色的兰花
0428.jpg,白兰花在白盆里
0429.jpg,我办公室的窗子里有兰花
0430.jpg,白色和粉红色的兰花
0431.jpg,白色背景的玫瑰花
0432.jpg,花园里的黄色花
0433.jpg,金瓶中的白色花
0434.jpg,这是在蝴蝶园的一个花
0435.jpg,白色和紫色的兰花
0436.jpg,白花与黑色背景
0437.jpg,黑白的兰花
0438.jpg,在白色背景的花瓶里放的兰花
0439.jpg,绿色房子里的白兰花
0440.jpg,花的花
0441.jpg,白色和紫色的兰花
0442.jpg,粉红色兰花隔离在白色背景上
0443.jpg,玻璃花瓶中的粉红色花
0444.jpg,花瓶中的粉红色花
0445.jpg,花园里的黄色花
0446.jpg,金罐里的果实
0447.jpg,厨房橱窗里的兰花
0448.jpg,桌上的盆子里有花朵
0449.jpg,厨房橱窗里的兰花
0450.jpg,粉红色和白色的兰花
0451.jpg,窗子里的花
0452.jpg,这是蝴蝶之家的一个花
0453.jpg,黑白的兰花
0454.jpg,森林中的花
0455.jpg,白盆花
0456.jpg,在香港花市的花卉
0457.jpg,白色背景的粉红色花
0458.jpg,白色和紫色的兰花。花朵
0459.jpg,花园里的粉红色花
0460.jpg,花在花瓶里
0461.jpg,绿房子里的兰花
0462.jpg,木箱中的兰花
0463.jpg,白色的兰花在白色背景中
0464.jpg,篮子里的花
0465.jpg,窗框中的果实
0466.jpg,花卉市场中的兰花
0467.jpg,在日本。花在盘子上
0468.jpg,在植物园的玻璃屋里放的兰花
0469.jpg,白色天空中的花朵
0470.jpg,在一个旅馆花园里的白色花
0471.jpg,罐子里的白兰花
0472.jpg,白盆花
0473.jpg,花园里的花
0474.jpg,紫兰花的 closup
0475.jpg,花园里的紫色花
0476.jpg,白色玻璃兰花
0477.jpg,花卉市场中的兰花
0478.jpg,蝴蝶之家的兰花
0479.jpg,水里的花
0480.jpg,粉红色和紫色的兰花与白色的兰花
0481.jpg,粉红色和绿色的兰花
0482.jpg,窗子里的花
0483.jpg,我厨房的窗户里有兰花
0484.jpg,花园里的白色花
0485.jpg,粉红色的兰花。粉色背景
0486.jpg,窗框中的果实
0487.jpg,白盆花
0488.jpg,花瓶中的粉红色花
0489.jpg,白色和粉红色的兰花
0490.jpg,绿色花瓶中的白色花
0491.jpg,罐头里的果实
0492.jpg,白盆花
0493.jpg,花市的花
0494.jpg,孤立在白色背景上的兰花
0495.jpg,在花壇上的花朵
0496.jpg,玻璃瓶中的白色花瓣
0497.jpg,我厨房的窗户里有兰花
0498.jpg,窗子里的花
0499.jpg,白色的兰花在白色的背景上孤立。
0500.jpg,花瓶中的兰花  免费
0501.jpg,玻璃瓶里的花朵。
0502.jpg,粉红色和绿色的兰花
0503.jpg,绿房子里的兰花
0504.jpg,绿色和白色的兰花
0505.jpg,绿房子里的兰花
0506.jpg,花卉市场中的兰花
0507.jpg,用墙纸在厨房里放的兰花
0508.jpg,兰花是一种兰花。
0509.jpg,黑白的兰花
0510.jpg,绿色和白色的兰花
0511.jpg,白色背景的粉红色花
0512.jpg,林中美丽的紫色花
0513.jpg,粉红色和绿色的兰花
0514.jpg,窗子里的花
0515.jpg,红色和粉红色的兰花
0516.jpg,罐子里的粉红色花
0517.jpg,在一个窗口中的兰花。有
0518.jpg,粉红色的白色花
0519.jpg,绿房子里的兰花
0520.jpg,罐子里的花
0521.jpg,白色房间的兰花  免费
0522.jpg,粉红色和绿色的兰花
0523.jpg,水壶里的青兰花
0524.jpg,厨房里的花
0525.jpg,我的花园里有一朵粉白色的兰花
0526.jpg,这是我画的一只花
0527.jpg,我的花园里有一朵白色的花
0528.jpg,这是我家里的一个花
0529.jpg,白色背景的兰花   stock
0530.jpg,花瓶中的兰花
0531.jpg,在草地上的紫花
0532.jpg,白色背景的兰花
0533.jpg,花瓶中白兰花
0534.jpg,玻璃瓶中的白色花瓣
0535.jpg,粉红色和白色的兰花
0536.jpg,绿房子里的兰花
0537.jpg,粉红色和白色的兰花
0538.jpg,粉红色和白色的兰花
0539.jpg,花在茎上。
0540.jpg,我厨房的窗户里有兰花
0541.jpg,花瓶里粉红色和白色的兰花
0542.jpg,白兰花
0543.jpg,花卉市场中的兰花
0544.jpg,花园里的花粉红色
0545.jpg,兰花是一种花卉属
0546.jpg,玫瑰花粉红色
0547.jpg,粉红色和白色的兰花
0548.jpg,蝴蝶之家的花
0549.jpg,花卉市场中的兰花
0550.jpg,房子墙上的兰花
0551.jpg,花瓣呈粉红色和紫色。白色
0552.jpg,森林中的花
0553.jpg,白兰花在绿色背景  
0554.jpg,玻璃花瓶中的花朵
0555.jpg,粉红色和白色的兰花
0556.jpg,白盆花
0557.jpg,箱子里的花
0558.jpg,花卉市场中的兰花
0559.jpg,玻璃花瓶中的白色花
0560.jpg,我的花园里有一朵粉红色的兰花。
0561.jpg,绿色房子里的紫兰花
0562.jpg,粉红色和紫色的兰花...
0563.jpg,碗里的蓝虹彩
0564.jpg,蝴蝶园里的花
0565.jpg,白色和粉红色的兰花
0566.jpg,厨房橱窗里的兰花
0567.jpg,厨房橱窗里的兰花
0568.jpg,黑花在窗户上
0569.jpg,粉红色和橙色的兰花
0570.jpg,粉红色和紫色的兰花与白色的兰花
0571.jpg,玻璃花瓶中的粉红色花
0572.jpg,白色和粉红色的兰花
0573.jpg,在花壇上的花朵
0574.jpg,花瓶里的蓝色花
0575.jpg,绿房子里的兰花
0576.jpg,白色背景的粉红色花
0577.jpg,竹篮里绿叶的兰花
0578.jpg,粉红色和紫色的兰花与黑色的兰花
0579.jpg,花瓶中白色和黄色的花
0580.jpg,用白色背景的盆子里放的兰花
0581.jpg,一个花的近景
0582.jpg,花卉市场中的兰花
0583.jpg,花瓶中白色和黄色的花
0584.jpg,我的房子花园里的一个花
0585.jpg,篮子里的花
0586.jpg,白盆花
0587.jpg,白盆花
0588.jpg,我的花园里有一朵粉红色的花。
0589.jpg,花市的花
0590.jpg,花瓶里的果实
0591.jpg,花在田里
0592.jpg,白色花瓶中的兰花
0593.jpg,黑岩的兰花
0594.jpg,我厨房的窗户里有兰花
0595.jpg,春天在温室里的花
0596.jpg,绿房子里的兰花
0597.jpg,我的花床里有花
0598.jpg,在海滩的热带房子里放的兰花
0599.jpg,蝴蝶之家的兰花
0600.jpg,白色背景上新鲜的薄荷叶子
0601.jpg,绿色的叶子。有褐色的斑点
0602.jpg,雨滴在蔬菜的叶子上
0603.jpg,有白色背景的绿色叶子
0604.jpg,我家前面的树被遮盖了
0605.jpg,有虫子的叶子
0606.jpg,把绿色叶子紧贴起来
0607.jpg,大绿色的叶子
0608.jpg,模板:新鲜的薄荷叶分离在
0609.jpg,植物上的绿色叶子
0610.jpg,植物有一大株棕色的芽
0611.jpg,叶子绿色
0612.jpg,树叶
0613.jpg,绿色叶子在白色背景   股票
0614.jpg,这是我家里的一个植物
0615.jpg,我的房子前面的那棵树
0616.jpg,植物的绿色叶片。隔离在白色背景上
0617.jpg,蓝莓在白色背景上的叶子
0618.jpg,把叶子的底部紧贴起来
0619.jpg,我的房子里的一棵树上的叶子
0620.jpg,叶子绿色
0621.jpg,大绿色的叶子。上面有褐色的斑点
0622.jpg,这是我在
0623.jpg,一种在生长中的植物的叶子
0624.jpg,树上的绿色叶子
0625.jpg,盆子在厨房的窗户上
0626.jpg,红色的树叶
0627.jpg,大绿色的叶子
0628.jpg,一个大绿色的叶子。有一个大褐色斑点
0629.jpg,花儿的近景
0630.jpg,有绿色叶子的植物
0631.jpg,在后院种植番茄。
0632.jpg,一种在田里发现的植物的叶子
0633.jpg,这是一种生长在
0634.jpg,叶绿苹果
0635.jpg,有蚂蚁的叶子
0636.jpg,我在花园里种的番茄。
0637.jpg,这个植物在花园里的罐子里
0638.jpg,蝴蝶之家的叶子
0639.jpg,男人的手
0640.jpg,叶子绿色
0641.jpg,我办公室有一个工厂
0642.jpg,叶子是绿色和棕色。
0643.jpg,叶子弯曲了
0644.jpg,花园里的第一个植物。红色的
0645.jpg,有茎的蓝莓
0646.jpg,有粉红色斑点的叶子
0647.jpg,在白色背景上孤立的叶子
0648.jpg,在我的院子里的一个树上的叶子。
0649.jpg,以白色背景分离的生物物种
0650.jpg,在我家附近的森林里。一片树叶
0651.jpg,树茎上的叶子
0652.jpg,这个植物在我的房子后面的田野里
0653.jpg,叶子绿色
0654.jpg,树上的绿叶
0655.jpg,植物罐里的虫子
0656.jpg,植物在花上
0657.jpg,叶子的黑色斑点
0658.jpg,这个植物是孩子们喜爱的植物。
0659.jpg,苹果在果园的树上
0660.jpg,大绿色的叶子
0661.jpg,我的房子里有一棵树
0662.jpg,植物正在开花。
0663.jpg,树上的果实
0664.jpg,森林中的一棵树上枯叶
0665.jpg,绿色叶片在白色背景上隔离
0666.jpg,叶子绿色
0667.jpg,生物物种的晚收
0668.jpg,叶子绿色
0669.jpg,叶子上的虫子
0670.jpg,有昆虫的植物分支
0671.jpg,植物是植物的一种常见形式。
0672.jpg,森林中的植物
0673.jpg,有白色静脉的叶子
0674.jpg,这是一个在树上生长的叶子
0675.jpg,绿色的叶子。有黑色的斑点
0676.jpg,树叶是绿色的
0677.jpg,在白色背景上孤立的金币的股票图像
0678.jpg,在我的房子里。一个死的植物
0679.jpg,这是我的植物的照片
0680.jpg,我的花园里绿叶。我爱
0681.jpg,叶子是绿色和棕色。
0682.jpg,花 bed中的番茄植物
0683.jpg,植物上的绿色叶子
0684.jpg,地上的叶子
0685.jpg,植物的接近
0686.jpg,植物的接近
0687.jpg,我在地上发现了这个植物
0688.jpg,树叶有绿色的颜色。
0689.jpg,草莓和花在白色背景上
0690.jpg,植物的颜色是绿色的
0691.jpg,我的车里有番茄
0692.jpg,叶子上的绿色虫子
0693.jpg,树上的绿色苹果是最好的
0694.jpg,树叶有绿色的颜色
0695.jpg,有几株种子的植物
0696.jpg,家园里 cabbage plant
0697.jpg,这个植物在花园里的罐子里
0698.jpg,绿色叶片在白色背景上隔离
0699.jpg,绿色叶片在白色背景上隔离
0700.jpg,这是第一个开花的植物。
0701.jpg,植物上的枯叶
0702.jpg,植物在地上
0703.jpg,绿苹果在树上
0704.jpg,绿色苹果。切片和叶子分开
0705.jpg,树叶有绿色的颜色
0706.jpg,有水滴的植物
0707.jpg,在前院的植物的果实
0708.jpg,绿色叶片在白色背景上隔离
0709.jpg,花园里的绿色植物
0710.jpg,在我前面的草地上的叶子
0711.jpg,绿番茄在葡萄干上
0712.jpg,植物上的虫子
0713.jpg,阳光下的叶子
0714.jpg,在我的阳台上种植
0715.jpg,在一个墙上的叶子上的蜗牛
0716.jpg,这是一种在罐子里生长的植物
0717.jpg,这个植物在我的地上生长
0718.jpg,工厂在地面上
0719.jpg,在田里种植的番茄
0720.jpg, cabbage 植物的大绿色叶子是
0721.jpg,有墙的树枝
0722.jpg,把叶子紧贴起来
0723.jpg,树叶是绿色的
0724.jpg,选出叶子和植物
0725.jpg,两只绿色的青蛙在叶子里
0726.jpg,树叶真漂亮。
0727.jpg,植物的颜色是绿色的
0728.jpg,花园中的番茄
0729.jpg,植物的叶子
0730.jpg,一个用手指握着叶子的男人
0731.jpg,树的绿色叶子   stock photo
0732.jpg,厨房桌上的一张叶子
0733.jpg,花园里的草莓
0734.jpg,树叶有绿色的颜色
0735.jpg,属于植物的植物
0736.jpg,这是我拍的植物的照片
0737.jpg,树林里的一个小绿色植物
0738.jpg,这株植物在花丛里。
0739.jpg,一只小丑的绿色叶子   stock photo
0740.jpg,树叶是绿色的
0741.jpg,有绿色叶子和红色花的植物。
0742.jpg,树叶有绿色的颜色。
0743.jpg,树叶有绿色的颜色。
0744.jpg,在田里种植的番茄
0745.jpg,这是我家的一个番茄植物
0746.jpg,这是植物的雄性和雌性
0747.jpg,阳光照射在叶子里
0748.jpg,在植物上的一大片绿色叶子
0749.jpg,植物上的白色东西是冰 
0750.jpg,树上 ripe cherries
0751.jpg,绿色叶片在白色背景上隔离
0752.jpg,悬挂在树上的水果
0753.jpg,红苹果和叶子   stock photo
0754.jpg,植物:薄薄的薄薄薄薄薄薄薄薄薄薄薄薄薄薄薄薄薄薄薄薄薄薄薄薄薄薄薄薄薄薄
0755.jpg,植物上的叶子
0756.jpg,外面的场景
0757.jpg,我们的后院的苹果树。
0758.jpg,这是我家的一个树。
0759.jpg,植物绿叶
0760.jpg,这是一幅西红柿植物的照片
0761.jpg,花 bed中的番茄植物
0762.jpg,植物在地上
0763.jpg,植物具有非常大的。非常小的
0764.jpg,有茎的枫叶
0765.jpg,植物上的叶片的近景
0766.jpg,树叶是绿色的
0767.jpg,明亮的绿色叶子
0768.jpg,这是一种生长在
0769.jpg,绿色叶片在白色背景上隔离
0770.jpg,餐厅里的绿色植物
0771.jpg,树茎上的叶子
0772.jpg,红苹果在白色背景上有水滴
0773.jpg,植物的叶子有绿色的颜色
0774.jpg,墙上的植物
0775.jpg,这个植物在花丛中
0776.jpg,植物已盛开。
0777.jpg,阳光照射在叶子里
0778.jpg,在白色背景上的granat
0779.jpg,这个植物在罐子里
0780.jpg,森林中的房屋的墙
0781.jpg,有几叶的植物
0782.jpg,叶子是一种常见的疾病。
0783.jpg,树被这些小叶子覆盖着。
0784.jpg,树叶在森林中的岩石上
0785.jpg,这是我发现的植物
0786.jpg,植物是绿色的
0787.jpg,一个在田野下发现的植物
0788.jpg,植物叶子的近似图
0789.jpg,树上的叶子
0790.jpg,前面的植物是大的。
0791.jpg,我的花园里有绿色的植物
0792.jpg,绿色苹果。叶子隔离在白色背景上
0793.jpg,有几叶的植物
0794.jpg,叶子绿色
0795.jpg,这个植物被一只蜘蛛吃掉了。
0796.jpg,农场里的植物
0797.jpg,森林中的树
0798.jpg,树叶
0799.jpg,树上大绿叶
0800.jpg,树在田里
0801.jpg,云彩是白色的
0802.jpg,云层是灰色的
0803.jpg,天空是阴云的
0804.jpg,天空中的云
0805.jpg,太阳在云中照耀着
0806.jpg,这条河上的桥
0807.jpg,我的房子上方的天空
0808.jpg,暴风雨降落在谷仓上
0809.jpg,天空中的云
0810.jpg,蓝色天空中的白云
0811.jpg,公路上暴风雨
0812.jpg,在远处的电话杆
0813.jpg,卡利福尼亚州的一座大云。被拍下来
0814.jpg,天空中的云
0815.jpg,场面上暴风雨云
0816.jpg,云层是黑暗的
0817.jpg,蓝色天空中的白云
0818.jpg,海洋上暴风雨云
0819.jpg,天空中的云
0820.jpg,山上暴风雨云
0821.jpg,在田野之上的天空
0822.jpg,西部山区湖上暴雨
0823.jpg,远处的教堂。有一块田野
0824.jpg,天空中的道路
0825.jpg,在云层之上的蓝色天空
0826.jpg,天空是黑暗的。云彩的
0827.jpg,天空中的云
0828.jpg,天空中的云
0829.jpg, Jaipur的旧市墙。
0830.jpg,路面上云彩
0831.jpg,湖上天空
0832.jpg,蓝天上云彩
0833.jpg,天空中的云
0834.jpg,湖上天空
0835.jpg,天空中的云
0836.jpg,云层是灰色的
0837.jpg,房子前面的海滩
0838.jpg,阳光照射在云中
0839.jpg,天空如此黑暗。云层如此浓郁
0840.jpg,从房子上方的山上望着
0841.jpg,我的房子上方的天空
0842.jpg,在一个田野里寂寞的树
0843.jpg,天空是蓝色的。
0844.jpg,湖上云彩
0845.jpg,天空中的云
0846.jpg,我的房子上方的天空
0847.jpg,闪电在山上袭来
0848.jpg,这条河上的桥
0849.jpg,我的房子上方的天空
0850.jpg,天空是阴云的
0851.jpg,我的房子上方的天空
0852.jpg,场面上暴风雨云
0853.jpg,天空是阴云的
0854.jpg,天空中的云
0855.jpg,透过山上云层的阳光
0856.jpg,在田野之上的天空
0857.jpg,公路上暴风雨云
0858.jpg,天空中的云
0859.jpg,太阳穿过海洋的云层
0860.jpg,天空中的云
0861.jpg,大灰色的云
0862.jpg,天空如此黑暗。云层如此浓郁
0863.jpg,阳光穿过山顶的云层
0864.jpg,高尔夫球场的绿色景色
0865.jpg,天空是蓝色的
0866.jpg,蓝色天空中的白云
0867.jpg,云彩是白色的
0868.jpg,我的房子上方的天空
0869.jpg,海面上暴风雨云
0870.jpg,我的房子上方的天空
0871.jpg,蓝色天空中的白云
0872.jpg,天空中的白云
0873.jpg,天空中的黑暗云
0874.jpg,河上天空
0875.jpg,天空中的云
0876.jpg,天空中的灰色云
0877.jpg,黄色的建筑物
0878.jpg,天空中的城堡
0879.jpg,背景上的山是黑云
0880.jpg,远处的山上是云彩覆盖的
0881.jpg,天空是黑暗和暴风雨的
0882.jpg,天空是蓝色和白色的
0883.jpg,天空中的道路
0884.jpg,蓝色的天空在山上
0885.jpg,云层在山上滚动着。
0886.jpg,我的房子上方的天空
0887.jpg,一个黑白的城市的图片
0888.jpg,天空是阴云的
0889.jpg,天空中的云
0890.jpg,场面上的云
0891.jpg,天空中的云
0892.jpg,天空中的云
0893.jpg,天空中的云
0894.jpg,天空中的云
0895.jpg,云彩的天空
0896.jpg,我的屋顶上的天空
0897.jpg,云中的森林
0898.jpg,云彩的天空
0899.jpg,公路上空
0900.jpg,在田野之上的天空
0901.jpg,大白云在天空中
0902.jpg,山上云彩
0903.jpg,我的办公室上方的天空
0904.jpg,蓝色天空中的白云
0905.jpg,一个在海滩中间的柱子
0906.jpg,沙丘上暴风雨云
0907.jpg,天空是黑白。
0908.jpg,暴风雨降落在我的房子上
0909.jpg,城堡上方的天空
0910.jpg,云彩是白色的
0911.jpg,天空中的云
0912.jpg,蓝色天空中的白云
0913.jpg,湖上天空
0914.jpg,场面上暴风雨云
0915.jpg,云彩的天空
0916.jpg,海洋上暴风雨云
0917.jpg,天空在田野上
0918.jpg,天空中的云
0919.jpg,场面上的云
0920.jpg,一大片白云
0921.jpg,在田里播种的草花
0922.jpg,满云的天空
0923.jpg,树上云彩
0924.jpg,蓝色天空中的白云
0925.jpg,云彩是白色的
0926.jpg,云层是灰色的
0927.jpg,我的房子上方的天空
0928.jpg,我的办公室上方的天空
0929.jpg,太阳在云层中照耀着
0930.jpg,天空是灰色的。云层是覆盖的
0931.jpg,天空中的云
0932.jpg,我的房子上方的天空
0933.jpg,天空中的黑暗云
0934.jpg,蓝色天空中的白云
0935.jpg,拍摄地点发生了暴风雨。
0936.jpg,海面上的天空
0937.jpg,黑白云
0938.jpg,天空中的云
0939.jpg,我的房子上方的天空
0940.jpg,天空在田野上
0941.jpg,天空中的云
0942.jpg,天空中的云
0943.jpg,天空中的云
0944.jpg,天空是黑暗的
0945.jpg,云中的蓝色天空
0946.jpg,天空中的云
0947.jpg,太阳从机场的云层中穿过
0948.jpg,天空中的云
0949.jpg,路面上的天空
0950.jpg,天空中的云
0951.jpg,云彩的天空
0952.jpg,天空中的云
0953.jpg,天空中的云
0954.jpg,天空中的云
0955.jpg,天空中的云
0956.jpg,场面上暴风雨云
0957.jpg,天空中的云
0958.jpg,天空中的云
0959.jpg,白色飘飘的云
0960.jpg,路面上阴云
0961.jpg,天空中的云
0962.jpg,天空中的树
0963.jpg,路面上云彩
0964.jpg,湖上暴风雨云
0965.jpg,天空中的云
0966.jpg,场面上暴风雨云
0967.jpg,天空是阴云的
0968.jpg,天空中的黑暗云
0969.jpg,湖上云彩
0970.jpg,黑白云
0971.jpg,场面上的云
0972.jpg,白色飘飘的云
0973.jpg,满云的天空
0974.jpg,空中飞行的飞机发出的烟雾。
0975.jpg,我的房子上方的天空
0976.jpg,云层是黑暗的
0977.jpg,我的屋顶上的天空
0978.jpg,阳光透过云层窥视
0979.jpg,太阳在云中照耀着
0980.jpg,云彩是白色的
0981.jpg,场面上暴风雨云
0982.jpg,太阳透过山顶的云彩照射着
0983.jpg,场面上的云
0984.jpg,云中的山
0985.jpg,天空中的云
0986.jpg,我的房子上方的天空
0987.jpg,天空是灰色的。云层是覆盖的
0988.jpg,暴风雨云在泥路上
0989.jpg,河上天空
0990.jpg,山上暴风雨云
0991.jpg,路面上的天空
0992.jpg,天空是蓝色的
0993.jpg,一大片白云
0994.jpg,水上出租车的天线。
0995.jpg,山上的天空
0996.jpg,我在海滩边散步。看到这张照片
0997.jpg,阳光透过云层
0998.jpg,海洋上的云
0999.jpg,天空中的马
1000.jpg,蓝天绿地
1001.jpg,太阳在海洋上
1002.jpg,蓝天下绿地
1003.jpg,船在海滩上
1004.jpg,在加勒比海中的海洋
1005.jpg,阳光照射在天空中
1006.jpg,天空中的太阳
1007.jpg,太阳照耀着
1008.jpg,湖边的花
1009.jpg,海滩上的棕榈树
1010.jpg,蓝天下绿草
1011.jpg,阳光灿烂
1012.jpg,春天的田野有樱花和蓝天
1013.jpg,天空中的云
1014.jpg,夏天绿草场
1015.jpg,在我家附近的田野
1016.jpg,太阳在海滩上照耀着
1017.jpg,海洋是旅游的好地方。
1018.jpg,我的房子上空的太阳
1019.jpg,天空是蓝的。清澈的
1020.jpg,蓝天下绿草
1021.jpg,树在田里
1022.jpg,太阳照射在云中
1023.jpg,白沙滩在加勒比海
1024.jpg,晚上在海滩上划船
1025.jpg,在一个绿色的田野里。一个小仓
1026.jpg,太阳在天空上照耀着
1027.jpg,太阳在海洋上
1028.jpg,有云的天空中的太阳
1029.jpg,美丽的白云在蓝色天空中
1030.jpg,阳光灿烂在海洋上
1031.jpg,太阳很明亮
1032.jpg,天空中的太阳在云层之上
1033.jpg,河上天空中的太阳
1034.jpg,蓝天和大海。天空中有云彩
1035.jpg,花在草地上与太阳花
1036.jpg,天空中的绿草
1037.jpg,蓝天越过绿地
1038.jpg,蓝天上的太阳
1039.jpg,蓝天上的太阳
1040.jpg,黄花在阳光下
1041.jpg,阳光照射在云层上
1042.jpg,白沙滩在加勒比海
1043.jpg,天空中的云
1044.jpg,湖边的一个树
1045.jpg,蓝天上的太阳
1046.jpg,阳光透过云彩照射的海滩
1047.jpg,阳光照射在云中
1048.jpg,海洋上的云
1049.jpg,在我房子前面的海滩
1050.jpg,天空是蓝的。清澈的
1051.jpg,水是那么清澈。太阳是那么明亮
1052.jpg,海滩上的棕榈树
1053.jpg,在我们房子前面的海滩
1054.jpg,阳光照射在云层上
1055.jpg,在蓝色的田野里跳舞
1056.jpg,海洋之上的天空
1057.jpg,阳光下的黄色花田
1058.jpg,水是蓝色的
1059.jpg,蓝天上的太阳
1060.jpg,太阳在云层中照耀着
1061.jpg,太阳透过湖面的云彩照射着
1062.jpg,天空中的云
1063.jpg,蓝天上的太阳
1064.jpg,大量水体
1065.jpg,蓝天下的花朵
1066.jpg,一个沿海城市
1067.jpg,巴哈马海滩上的棕榈树
1068.jpg,晴天在山上
1069.jpg,天空中的海洋
1070.jpg,阳光透过云彩照射在田野上
1071.jpg,在一个绿色的田野里。一个小仓
1072.jpg,太阳透过山上的云彩照射着
1073.jpg,阳光灿烂在天空中
1074.jpg,天空中的太阳和水
1075.jpg,花在花朵丛中
1076.jpg,蓝天下绿草
1077.jpg,天空中的花
1078.jpg,天空中的绿草
1079.jpg,太阳在天空中照耀着
1080.jpg,我的房子上方的天空
1081.jpg,蓝天上的太阳
1082.jpg,蓝天上的太阳
1083.jpg,我的房子上方的天空中的太阳
1084.jpg,海洋中的水
1085.jpg,阳光照射在云中
1086.jpg,一个在田野上的树
1087.jpg,海洋上的云
1088.jpg,太阳和云的矢量图案
1089.jpg,阳光照射在云中
1090.jpg,蓝天上的太阳
1091.jpg,海滩是沙滩的
1092.jpg,阳光透过海洋的云彩照射
1093.jpg,水是蓝色的
1094.jpg,太阳照耀着。
1095.jpg,阳光灿烂在云中
1096.jpg,花在田里
1097.jpg,蓝天上的太阳
1098.jpg,太阳很明亮
1099.jpg,天空中的云
1100.jpg,太阳照在水上
1101.jpg,蓝天中的太阳
1102.jpg,太阳照耀着
1103.jpg,阳光灿烂。繁忙的星期六。蓝天和高空
1104.jpg,天空中的太阳
1105.jpg,天空中的云
1106.jpg,山上的田野里的谷仓
1107.jpg,蓝天上的太阳
1108.jpg,水如此清澈。你可以看到
1109.jpg,蓝天中的太阳
1110.jpg,晚上美丽的海滩
1111.jpg,蓝天下绿草
1112.jpg,天空是蓝色的
1113.jpg,阳光照射在蓝色天空中的云中
1114.jpg,天空中的太阳
1115.jpg,在我们房子前面的海滩
1116.jpg,蓝天上的太阳
1117.jpg,蓝天上的太阳
1118.jpg,蓝天下绿草
1119.jpg,在加勒比海的透明水
1120.jpg,太阳在天空里照耀着
1121.jpg,晴朗的蓝天
1122.jpg,太阳很明亮
1123.jpg,天空中的云
1124.jpg,太阳在海洋上
1125.jpg,太阳在天空里照耀着
1126.jpg,海洋上的云
1127.jpg,天空是蓝色和白色的
1128.jpg,阳光照射在海面
1129.jpg,阳光照射在云中
1130.jpg,海洋上的云
1131.jpg,太阳在蓝色的天空中照耀着
1132.jpg,太阳照在水上
1133.jpg,我的房子上方的天空中的太阳
1134.jpg,蓝天上的太阳
1135.jpg,天空在海洋上
1136.jpg,早晨的蓝天
1137.jpg,在沙滩上摇摆
1138.jpg,太阳在水上照耀着
1139.jpg,花在草地上与太阳花
1140.jpg,有篱笆的乡村道路。以及
1141.jpg,海滩上的棕榈树
1142.jpg,雪中的树木。蓝色的天空和云
1143.jpg,阳光在海上
1144.jpg,阳光透过海面的云彩照射
1145.jpg,白沙滩和棕色水在加勒比海
1146.jpg,太阳在海里的红色岩石上落下
1147.jpg,太阳照耀着
1148.jpg,夏天的黄色田野和蓝色天空
1149.jpg,海面上的天空
1150.jpg,天空中的花
1151.jpg,天空中的夏花
1152.jpg,天空和大海在背景。
1153.jpg,天空是橙色
1154.jpg,红色天空中的夕阳
1155.jpg,早晨天空很橘色。
1156.jpg,一个人在湖上晒太阳
1157.jpg,太阳从山顶上照射下来
1158.jpg,这条路是空的
1159.jpg,高高的棕榈树
1160.jpg,沙滩上海面的日落
1161.jpg,从沙滩上俯瞰太平洋的夕阳
1162.jpg,从我的阳台上俯瞰湖面的夕阳
1163.jpg,我从那家房子的屋顶上取下来
1164.jpg,云层是黑暗的
1165.jpg,太阳在我家后面的田野上照射着
1166.jpg,海面的夕阳
1167.jpg,天空是阴云的
1168.jpg,天空是阴云的
1169.jpg,过湖的夕阳
1170.jpg,水很平静
1171.jpg,天空是橙色
1172.jpg,每天。天空是橙色。天空是橙色
1173.jpg,在前面的海滩上。阳光下过海滩
1174.jpg,天空是蓝色和橙色
1175.jpg,天空中的云
1176.jpg,山是可看见的
1177.jpg,太阳正落下
1178.jpg,水是蓝色的
1179.jpg,太阳正落下
1180.jpg,天空是蓝色和白色的
1181.jpg,这是从山顶上取出来的
1182.jpg, giraffe 和木偶在夕阳下
1183.jpg,太阳正落下
1184.jpg,在我房子前面的海滩上日落
1185.jpg,山上的粉红色花
1186.jpg,从海滩上俯瞰海洋的夕阳
1187.jpg,天空在卡尔加里天空之上
1188.jpg,沙滩上沙丘上夕阳
1189.jpg,太阳从云层上落下
1190.jpg,日落在树上和地平线上
1191.jpg,在我房子前面的海滩
1192.jpg,一群海浪者站在海滩上
1193.jpg,沙子是棕色的
1194.jpg,站在海滩上的鸟
1195.jpg,沙滩上海面的日落
1196.jpg,树在田里
1197.jpg,水很平静
1198.jpg,雾是白色的
1199.jpg,天空是橙色
1200.jpg,湖山上的鹿
1201.jpg,米歇根湖上夕阳。 从阳台取的
1202.jpg,太阳正落下
1203.jpg,黎明在田野和道路上
1204.jpg,山上的云
1205.jpg,阳光下过太平洋的粉红色花朵
1206.jpg,我从米歇根的屋顶上偷走了
1207.jpg,云彩的天空
1208.jpg,松树在雾中
1209.jpg,太阳正落下
1210.jpg,太阳落过红岩峡谷
1211.jpg,太阳在一片云雾中俯瞰海洋
1212.jpg,天空中的树
1213.jpg,在我房子前面的海滩
1214.jpg,日落在地平线上。 天空
1215.jpg,空中热气球
1216.jpg,从我家里到湖畔的夕阳
1217.jpg,天空是紫色和橙色
1218.jpg,太阳落在北方的山上
1219.jpg,阳光在海洋上
1220.jpg,太阳正落下
1221.jpg,天空是紫色和橙色
1222.jpg,太阳正落下
1223.jpg,水上天空
1224.jpg,黑山上夕阳
1225.jpg,早晨天空很晴朗。
1226.jpg,太阳正落下
1227.jpg,山上和树上夕阳
1228.jpg,太阳正落下
1229.jpg,湖上棕榈树的夕阳
1230.jpg,从尼布拉斯加州农村的车窗里取出来的。
1231.jpg,太阳在一座城市上落下
1232.jpg,海滩上的棕榈树
1233.jpg,远处的红天
1234.jpg,森林中的湖面上的夕阳
1235.jpg,从我的阳台上俯瞰大海的夕阳
1236.jpg,天空中的云
1237.jpg,从船上俯瞰大海的夕阳
1238.jpg,蓝山上夕阳
1239.jpg,天空是橙色
1240.jpg,黑沙滩上夕阳
1241.jpg,从渡轮上俯瞰湾的夕阳
1242.jpg,海滩上的棕榈树
1243.jpg,阳光透过云层
1244.jpg,从船上俯瞰大海的夕阳
1245.jpg,云彩覆盖着海洋的夕阳
1246.jpg,太阳正落下
1247.jpg,太阳在海洋上落下
1248.jpg,阳光在海洋上
1249.jpg,太阳正落下
1250.jpg,从桥上俯瞰河面的夕阳
1251.jpg,阳光透过云层
1252.jpg,在我房子前面的海滩
1253.jpg,天空晴朗
1254.jpg,在我房子前面的湖上夕阳
1255.jpg,云彩是橙黄色的
1256.jpg,山上夕阳
1257.jpg,太阳正落下
1258.jpg,阳光照射在路上的田野上
1259.jpg,天空中的船
1260.jpg,沙滩上沙丘上夕阳
1261.jpg,水里的棕榈树
1262.jpg,天空是蓝色和橙色
1263.jpg,一个夫妇在日落时在海滩上散步
1264.jpg,太阳从阳台上从云层上升起
1265.jpg,天空中的道路
1266.jpg,湖和山上夕阳
1267.jpg,天空是橙色
1268.jpg,房子后面的湖上日落
1269.jpg,阳光下过海滩和海洋
1270.jpg,海面的夕阳
1271.jpg,田野中的道路和阳光
1272.jpg,过湖的夕阳
1273.jpg,沙滩上湖畔的夕阳
1274.jpg,天空是紫色和橙色
1275.jpg,太阳正落下
1276.jpg,飞过云层
1277.jpg,早晨的红色天空
1278.jpg,有岩石遮挡着海洋的夕阳
1279.jpg,沙滩上的岩石群落上夕阳
1280.jpg,太阳落在盐湖上
1281.jpg,鸟儿在海洋上晒太阳
1282.jpg,从飞机上俯瞰湖面的夕阳
1283.jpg,天空是黑暗的
1284.jpg,鸟儿在海洋上晒太阳
1285.jpg,在我房子旁边的山上夕阳
1286.jpg,水里的山
1287.jpg,太阳在西面的海洋上落下
1288.jpg,从巡航船上俯瞰海洋的夕阳
1289.jpg,在房子的田野上日落
1290.jpg,太阳正落下
1291.jpg,早晨从我的卧室窗上望着夕阳。
1292.jpg,太阳正落下
1293.jpg,太阳在森林上落下
1294.jpg,太阳正落下
1295.jpg,树枝
1296.jpg,海洋里的水很清澈
1297.jpg,云彩覆盖着海洋的夕阳
1298.jpg,树在田里
1299.jpg,最后的阳光落在海滩上
1300.jpg,太阳正落下
1301.jpg,在草地上的一只鸟
1302.jpg,黎明在河边的田野上
1303.jpg,天空中的云
1304.jpg,太阳在海洋上落下
1305.jpg,我的家从山上俯瞰着夕阳
1306.jpg,海面的夕阳
1307.jpg,海豚在夕阳下跳
1308.jpg,北面的黑沙丘上日落
1309.jpg,飞机上从云层上升起的太阳
1310.jpg,一大山脉
1311.jpg,那棵树是裸的
1312.jpg,一个人在湖畔的船上
1313.jpg,湖面上的夕阳和美丽的天空
1314.jpg,从海滩上俯瞰海洋的夕阳
1315.jpg,从我的阳台上俯瞰大海的夕阳
1316.jpg,一个粉红色的花场
1317.jpg,太阳落过河和天空
1318.jpg,太阳正落下
1319.jpg,天空是黑暗的
1320.jpg,海面的云层中日落
1321.jpg,从我办公室的窗户上望着湖面的夕阳
1322.jpg,云彩是白色的
1323.jpg,天空中的海洋
1324.jpg,海面上美丽的夕阳
1325.jpg,在我房子前面的海滩
1326.jpg,海滩上的棕榈树
1327.jpg,水中的波浪
1328.jpg,太阳正落下
1329.jpg,太阳在云中照耀着
1330.jpg,海面的夕阳
1331.jpg,美丽的夕阳在海面
1332.jpg,有岩石遮挡着海洋的夕阳
1333.jpg,太阳升过山顶
1334.jpg,一个在田野上的树
1335.jpg,沙子是棕色的
1336.jpg,水是那么清澈。太阳是那么明亮
1337.jpg,太阳在天空的海面上落下
1338.jpg,阳光在海洋上照耀着橙色天空
1339.jpg,红天上的太阳
1340.jpg,黑白的夕阳
1341.jpg,云彩是白色的
1342.jpg,山上的天空
1343.jpg,从我们的阳台上俯瞰山峰的夕阳
1344.jpg,沙滩上棕榈树的夕阳
1345.jpg,太阳在海洋上落下
1346.jpg,从我房子的屋顶上取下来
1347.jpg,天空中的太阳在海面上
1348.jpg,太阳在海洋上落下
1349.jpg,水很平静
1350.jpg,日落在海洋上
1351.jpg,佛罗里达海滩上的棕榈树
1352.jpg,一个人在海滩上散步
1353.jpg,树木被雪覆盖了
1354.jpg,白树枝有蓝色的天空
1355.jpg,电视塔在雪中
1356.jpg,雪中霜冻的树木
1357.jpg,天空如此晴朗。雪也如此多
1358.jpg,花园里的一棵树的红叶
1359.jpg,两棵被雪覆盖的树
1360.jpg,冬天的霜冻树
1361.jpg,冬季冰冻的湖泊和冰冻的树木
1362.jpg,河边的一个树
1363.jpg,松树下雪
1364.jpg,有蓝色天空的霜冻树
1365.jpg,有蓝色天空的霜冻树
1366.jpg,在一个森林里的房子
1367.jpg,雪中的一个树
1368.jpg,我的房子前面有雪覆盖的树
1369.jpg,我家前面的树木被遮盖了
1370.jpg,没有树叶的树
1371.jpg,早晨从我办公室的窗户望出的景色
1372.jpg,在田里冻结的树
1373.jpg,室内的霜冻植物
1374.jpg,森林里的树木
1375.jpg,晴朗的蓝天
1376.jpg,田野上的树被雪覆盖了
1377.jpg,树上雪
1378.jpg,白树在雪中
1379.jpg,一个寒冷的早晨在森林里
1380.jpg,公园里的树被雪覆盖了
1381.jpg,树木是裸露的
1382.jpg,天空是晴朗的。蓝的
1383.jpg,一个在田野上的树
1384.jpg,树木被雪覆盖了
1385.jpg,红色的女孩
1386.jpg,家人在雪中散步
1387.jpg,树在雪地上
1388.jpg,被雪覆盖的树
1389.jpg,山边白雪
1390.jpg,沙漠中的白树
1391.jpg,树被雪覆盖了
1392.jpg,在白山里奔跑
1393.jpg,树木被雪覆盖了
1394.jpg,森林中的雪覆盖的树木
1395.jpg,森林里的树木
1396.jpg,从楼顶的景色
1397.jpg,树木被雪覆盖了
1398.jpg,树上有雪
1399.jpg,夫妇在雪中走过一棵树
1400.jpg,这个季节的第一个雪
1401.jpg,湖边的树
1402.jpg,雪覆盖的树木。蓝色的天空
1403.jpg,雪中的冬季树木
1404.jpg,被雪覆盖的树
1405.jpg,我家旁边的河
1406.jpg,树木和灌木的冬季景色
1407.jpg,野外霜冻的树
1408.jpg,树木被雪覆盖了
1409.jpg,田里的树被冰覆盖了
1410.jpg,树木被雪覆盖了
1411.jpg,被冰覆盖的树
1412.jpg,田野上的树被雪覆盖了
1413.jpg,树枝被雪覆盖
1414.jpg,天空晴朗
1415.jpg,有白色叶子的树
1416.jpg,雪覆盖的松树枝
1417.jpg,树枝裸露
1418.jpg,森林中的树上的冰晶
1419.jpg,森林中的道路
1420.jpg,雪覆盖山
1421.jpg,河边的霜冻树
1422.jpg,被雪覆盖的树
1423.jpg,天空中的树
1424.jpg,在田野上的霜冻树
1425.jpg,天空中的树木
1426.jpg,雪中的松树
1427.jpg,冬天霜冻的树木
1428.jpg,一排树
1429.jpg,在我们房子前面的道路
1430.jpg,山上覆盖着雪
1431.jpg,树上没有树叶
1432.jpg,田里的树木
1433.jpg,在院子里松树上的霜
1434.jpg,冰正在融化
1435.jpg,山上雪覆盖的树木
1436.jpg,雪覆盖的白树
1437.jpg,被雪覆盖的树
1438.jpg,树枝上雪
1439.jpg,树木被雪覆盖了。
1440.jpg,在雪中树上的红果
1441.jpg,被冰覆盖的树
1442.jpg,被雪覆盖的树
1443.jpg,松树在雪中
1444.jpg,在房子前面的霜冻树
1445.jpg,有蓝色的天空的霜冻树
1446.jpg,蓝色天空中的白云
1447.jpg,一个建筑在背景
1448.jpg,在田野上的篱笆
1449.jpg,蓝色天空中的白云
1450.jpg,森林中的树
1451.jpg,被霜覆盖的树
1452.jpg,在蓝色的天空中冬天
1453.jpg,在前院的树枝上雪
1454.jpg,被雪覆盖的树
1455.jpg,白树在雪中
1456.jpg,雪覆盖的树木。蓝色的天空
1457.jpg,公园的田野里有雪覆盖的树木
1458.jpg,被雪覆盖的树
1459.jpg,在我的院子上的松树上的冰。
1460.jpg,冬天的树
1461.jpg,山中的冬季森林
1462.jpg,雪覆盖的树枝有蓝色的天空
1463.jpg,在我房子前面的一个树
1464.jpg,一个在雪中做瑜伽的女人
1465.jpg,雪覆盖的树木
1466.jpg,树在森林里
1467.jpg,天空是晴朗的。蓝的
1468.jpg,晴朗的蓝天
1469.jpg,雪中的一个树。
1470.jpg,蓝色天空中的白云
1471.jpg,被冰覆盖的树
1472.jpg,森林中的霜冻花
1473.jpg,树上的鸟
1474.jpg,树木被雪覆盖了
1475.jpg,两棵被雪覆盖的树
1476.jpg,树被雪覆盖了
1477.jpg,水体
1478.jpg,被雪覆盖的树
1479.jpg,在我房子前面的树上冰
1480.jpg,被雪覆盖的树
1481.jpg,河里雪覆盖的树木
1482.jpg,天空是晴朗的。蓝的
1483.jpg,雪覆盖的田野里的树木
1484.jpg,白雪覆盖的树木
1485.jpg,飞过河
1486.jpg,雪中的一棵树。黑色和
1487.jpg,被冰覆盖的树
1488.jpg,冬天我从卧室的窗户望着
1489.jpg,树木被雪覆盖了
1490.jpg,天空是蓝色的。
1491.jpg,被雪覆盖的树
1492.jpg,晴朗的蓝天
1493.jpg,有天空的树木
1494.jpg,被雪覆盖的树
1495.jpg,树被雪覆盖了
1496.jpg,公园里的树木都是白色的
1497.jpg,后院的松树。
1498.jpg,树在雾中
1499.jpg,野外的冬季树木
1500.jpg,河边的一个树
1501.jpg,那棵树是裸的
1502.jpg,雪覆盖的树
1503.jpg,雪中的树木
1504.jpg,树枝被雪覆盖
1505.jpg,我家前面的树木被遮盖了
1506.jpg,田里的树被冰覆盖了
1507.jpg,森林中的道路
1508.jpg,冬季雪覆盖的树木
1509.jpg,被雪覆盖的树
1510.jpg,在山上覆盖着雪的树上
1511.jpg,野外霜冻的树木
1512.jpg,田里的树被冰覆盖了
1513.jpg,晴朗的蓝天
1514.jpg,公园的冬季景色
1515.jpg,在野外的树上霜冻
1516.jpg,公园里的树。
1517.jpg,树木被雪覆盖了。
1518.jpg,山上雪覆盖的树木
1519.jpg,天空是晴朗的。蓝的
1520.jpg,雪中的一个树
1521.jpg,天空中的树木
1522.jpg,这是我家前面的一个树
1523.jpg,树在森林里
1524.jpg,山顶的景色
1525.jpg,森林中的雪覆盖的树木
1526.jpg,被雪覆盖的树
1527.jpg,冬天霜冻的树木
1528.jpg,被冰覆盖的树
1529.jpg,雪在天空和树上
1530.jpg,悬挂在树上的灯笼
1531.jpg,外面的场景
1532.jpg,天空是蓝的。清澈的
1533.jpg,蓝天上的白树
1534.jpg,天空是白色的
1535.jpg,野外霜冻的树木
1536.jpg,森林中的道路
1537.jpg,一个美丽的白树在冬天
1538.jpg,树被雪覆盖了
1539.jpg,从河顶的景色
1540.jpg,天空晴朗
1541.jpg,树被冰覆盖了
1542.jpg,被冰覆盖的树
1543.jpg,雪覆盖的树。红色的灯笼
1544.jpg,被冰覆盖的树
1545.jpg,山中冬季景观
1546.jpg,树木被霜覆盖了
1547.jpg,山上的树
1548.jpg,苏格兰的一个田野里有霜冻的树木
1549.jpg,一个建筑在背景
1550.jpg,被冰覆盖的树
1551.jpg,被雪覆盖的树
1552.jpg,树木被雪覆盖了
1553.jpeg,站在老虎旁边的人
1554.jpeg,山景的景色
1555.jpeg,远处的山是绿树
1556.jpeg,秋天森林徒步旅行者
1557.jpeg,我在蝴蝶屋里
1558.jpeg,森林的空中景
1559.jpeg,森林中的一条路
1560.jpeg,这是一种树
1561.jpeg,雨林中的森林地板
1562.jpeg,雨林中的一条小溪
1563.jpeg,森林中的红叶
1564.jpeg,花园里的绿色植物
1565.jpeg,森林中的树
1566.jpeg,澳大利亚西部山区的森林。
1567.jpeg,北卡罗琳纳山脉的森林
1568.jpeg,穿过森林的一条路
1569.jpeg,湖上美丽的夕阳
1570.jpeg,在我家附近的森林散步
1571.jpeg,秋天在山中秋天颜色
1572.jpeg,森林中的森林
1573.jpeg,徒步在雨林中
1574.jpeg,森林中的道路
1575.jpeg,黄花在森林里
1576.jpeg,雨林的空中景
1577.jpeg,山中的森林
1578.jpeg,森林中的树
1579.jpeg,森林中的道路
1580.jpeg,云林中的一座山
1581.jpeg,这是我为朋友画的一幅画
1582.jpeg,湖边的秋色
1583.jpeg,一个女孩在竹林里
1584.jpeg,松树林
1585.jpeg,让孩子们在森林里种树
1586.jpeg,阳光照射着树叶
1587.jpeg,森林中的一条路
1588.jpeg,山谷的绿山
1589.jpeg,森林中的晨光
1590.jpeg,山中的森林
1591.jpeg,天空中的河
1592.jpeg,森林中的道路
1593.jpeg,森林中的树
1594.jpeg,这是我卧室的窗外的景色
1595.jpeg,我在我家附近的湖中掉落的颜色
1596.jpeg,两只猴子在树上
1597.jpeg,这条路有点 muddy。但是
1598.jpeg,森林中的一个道路
1599.jpeg,森林中的紫色天空
1600.jpeg,从山顶上望望
1601.jpeg,站在树上的一个年轻的雄性
1602.jpeg,河上一座桥
1603.jpeg,远处的树木是绿色和棕色
1604.jpeg,夏天森林非常绿。
1605.jpeg,丛林的绿色
1606.jpeg,森林中的红树
1607.jpeg,森林中的一座山
1608.jpeg,我们住在房子的阳台的景色
1609.jpeg,湖中的秋色
1610.jpeg,森林中的蓝色月球
1611.jpeg,阳光照射在树上
1612.jpeg,树上雌大猩猩
1613.jpeg,一辆火车在丛林的泥路上经过
1614.jpeg,云林中的森林
1615.jpeg,阳光照射在森林中的树上
1616.jpeg,森林中的一个城堡
1617.jpeg,公园里的森林地板
1618.jpeg,森林中的女孩
1619.jpeg,森林里的树木
1620.jpeg,天空是蓝色的
1621.jpeg,山中的森林
1622.jpeg,森林中的道路
1623.jpeg,在红树林里去海滩的路
1624.jpeg,山中的森林
1625.jpeg,绿树林中的路径
1626.jpeg,有吊挂的鸟类喂食器的木门
1627.jpeg,森林中的道路
1628.jpeg,一个男孩站在一棵巨大的红树的前面
1629.jpeg,森林的空中景
1630.jpeg,森林中的树
1631.jpeg,森林的景色
1632.jpeg,森林中的树
1633.jpeg,林中的樱桃树
1634.jpeg,森林中的道路
1635.jpeg,云林中的森林
1636.jpeg,森林中的树
1637.jpeg,林中的松树
1638.jpeg,森林中的树
1639.jpeg,森林中的道路
1640.jpeg,森林的地板被这些巨大的树木覆盖
1641.jpeg,山中的森林
1642.jpeg,森林中的树
1643.jpeg,墙中的那棵树
1644.jpeg,红色的女孩
1645.jpeg,阳光照射在树上
1646.jpeg,森林中的香蕉树
1647.jpeg,我家前面的那条路
1648.jpeg,在丛林散步
1649.jpeg,河边的森林里的一个小瀑布
1650.jpeg,树上的女孩
1651.jpeg,一个大绿色的山
1652.jpeg,森林中的象
1653.jpeg,湖中的一个船
1654.jpeg,位于北卡罗琳纳山脉的森林。
1655.jpeg,森林中的树
1656.jpeg,树屋里的女孩
1657.jpeg,树在森林里。
1658.jpeg,田里的红叶是颜色的
1659.jpeg,穿过森林的一条路
1660.jpeg,秋天在河边的颜色。
1661.jpeg,在山上一雾的早晨
1662.jpeg,在加州的红树林徒步旅行。
1663.jpeg,山上有松树的森林
1664.jpeg,水是蓝色的。
1665.jpeg,建筑物侧面的墙
1666.jpeg,太阳照在树上
1667.jpeg,阳光照射着树木
1668.jpeg,森林中的云
1669.jpeg,在前面的树上掉下来的颜色
1670.jpeg,森林中最高的树
1671.jpeg,灰色头发的女人
1672.jpeg,森林中的树
1673.jpeg,世界上最高的树木。最大的树木
1674.jpeg,天空是蓝色和白色的
1675.jpeg,树在森林里
1676.jpeg,森林中的树
1677.jpeg,森林中的蓝色
1678.jpeg,山上一条河
1679.jpeg,森林中的一座石头房子
1680.jpeg,看着森林里的树木
1681.jpeg,林中的松树
1682.jpeg,秋天到森林的路
1683.jpeg,森林中的树
1684.jpeg,森林的空中景
1685.jpeg,有香蕉叶的棕榈树
1686.jpeg,森林中的河
1687.jpeg,云林中的森林
1688.jpeg,远处的蓝色山
1689.jpeg,这条河位于红树林中
1690.jpeg,森林里的树木
1691.jpeg,绿叶在阳光下
1692.jpeg,我穿着蓝色衬衫
1693.jpeg,雨林中的森林地板
1694.jpeg,森林中的秋色
1695.jpeg,晴朗的蓝天
1696.jpeg,太阳在山上照耀着
1697.jpeg,阳光透过树林中的松树
1698.jpeg,森林中的河
1699.jpeg,建筑物侧面的墙
1700.jpeg,峡谷中的云林
1701.jpeg,公园里的森林地板
1702.jpeg,沿着河流飘落的颜色
1703.jpeg,湖里的水很绿
1704.jpeg,森林的空中景象
1705.jpeg,阳光照射在树林中
1706.jpeg,房子在市场上价1美元
1707.jpeg,森林中的河
1708.jpeg,大玻璃窗
1709.jpeg,一个穿着蓝色夹克的男孩
1710.jpeg,阳光从雨林的顶部流过
1711.jpeg,湖中瀑布
1712.jpeg,远处的山是
1713.jpeg,北卡罗琳纳山脉的森林
1714.jpeg,雾中的树木。雨林
1715.jpeg,树林中的高松
1716.jpeg,森林中的树
1717.jpeg,房子上生长着的树
1718.jpeg,雪在天空和树上
1719.jpeg,农场里一 misty morning
1720.jpeg,一个树的近景
1721.jpeg,在背景的树上的绿色叶子
1722.jpeg,湖上掉落的颜色
1723.jpeg,森林里的一个小瀑布
1724.jpeg,森林在雾中。
1725.jpeg,雨林中的森林地板
1726.jpeg,森林中的蘑菇秋天
1727.jpeg,云彩在天空中是白色的
1728.jpeg,森林中的阳光
1729.jpeg,北卡罗琳纳山脉的森林
1730.jpeg,森林的地板在清晨的阳光下
1731.jpeg,公园的秋天秋天
1732.jpeg,森林里的一个蓝色洞
1733.jpeg,一个男孩和一个女孩在森林里
1734.jpeg,森林中的两棵树
1735.jpeg,山中的森林
1736.jpeg,远处的山是蓝色的山
1737.jpeg,阳光照射着树木
1738.jpeg,林中的松树
1739.jpeg,森林中的树
1740.jpeg,雾中的树木
1741.jpeg,河色是棕色
1742.jpeg,森林中的一座木桥
1743.jpeg,河里的水是绿色的
1744.jpeg,一个男孩和一个女孩在丛林里
1745.jpeg,游泳池和花园的空中景色
1746.jpeg,远处的山是那些山
1747.jpeg,天空中的树木
1748.jpeg,天空中的河
1749.jpeg,森林的空中景
1750.jpeg,太阳落在森林上
1751.jpeg,森林中的河
1752.jpeg,森林里的树木
1753.jpeg,山上是雪覆盖的
1754.jpeg,蓝色的天空在山上
1755.jpeg,背景上的山
1756.jpeg,大峡谷的峡谷墙
1757.jpeg,从山顶上望下的景色
1758.jpeg,天空中的云
1759.jpeg,一个登山者在日落的山上
1760.jpeg,背景上的山是蓝色的天空
1761.jpeg,天空是蓝色和白色的
1762.jpeg,远处的山
1763.jpeg,这条河上的桥
1764.jpeg,远处的山
1765.jpeg,太阳落在山上
1766.jpeg,湖中的一座山
1767.jpeg,树在田里
1768.jpeg,苏格兰的一个河流穿过山脉
1769.jpeg,山脉映射在湖中
1770.jpeg,天空是蓝的。清澈的
1771.jpeg,山上覆盖着绿色的植被。
1772.jpeg,雾是白色的
1773.jpeg,一个人在山上散步
1774.jpeg,后面的山是美丽的景象
1775.jpeg,在一个山上的房子
1776.jpeg,远处的山
1777.jpeg,湖中反射的山
1778.jpeg,后面的山是绿色的山
1779.jpeg,太阳在山上落下
1780.jpeg,彩虹在云林中的山上
1781.jpeg,天空是蓝色的
1782.jpeg,太阳在山上照耀着
1783.jpeg,山景
1784.jpeg,背景的云林是一座火山
1785.jpeg,山中的湖
1786.jpeg,蓝色天空中的富士山
1787.jpeg,云层中的山脉
1788.jpeg,山顶的景色
1789.jpeg,蓝色的天空在山上
1790.jpeg,森林中的秋色
1791.jpeg,云中的山峰
1792.jpeg,后面的山
1793.jpeg,骑山车在公路旅行中
1794.jpeg,云彩是白色的
1795.jpeg,山上一座木屋
1796.jpeg,云中的山
1797.jpeg,一个登山者在山顶上
1798.jpeg,海洋中的岩石形成
1799.jpeg,房子的正面景色
1800.jpeg,山上蓝色的湖泊
1801.jpeg,太阳落在山上
1802.jpeg,天空是蓝色的。有云
1803.jpeg,黑白的山
1804.jpeg,世界上的山脉
1805.jpeg,在后面的山路。
1806.jpeg,从山顶的景色
1807.jpeg,政治家在竞选活动中讲话。
1808.jpeg,山景
1809.jpeg,这座山是被树覆盖的
1810.jpeg,房子前面的稻田
1811.jpeg,太阳从山上落下
1812.jpeg,在湖中映射的山
1813.jpeg,黄色的草是美丽的绿色的
1814.jpeg,这条河上的桥
1815.jpeg,湖中反射的山
1816.jpeg,天空中的山
1817.jpeg,比我们从书中学到的更多
1818.jpeg,山上覆盖着雪
1819.jpeg,山中秋色
1820.jpeg,太阳在云中照耀着
1821.jpeg,水里的一个岩石
1822.jpeg,一只孤独的鹿在草地里
1823.jpeg,在雨季的粉红色峰上
1824.jpeg,天空中的一只鸟
1825.jpeg,森林中的瀑布
1826.jpeg,夜空在山上
1827.jpeg,山上瀑布
1828.jpeg,离家的路在远处
1829.jpeg,远处的绿色山
1830.jpeg,山上秋树
1831.jpeg,在一个无处处的木桥上
1832.jpeg,一只野生银背 gorilla的雄性。
1833.jpeg,山中的湖
1834.jpeg,远处的海滩和山景
1835.jpeg,森林中的树
1836.jpeg,山中的湖
1837.jpeg,山很美。
1838.jpeg,太阳在山顶的云后面落下
1839.jpeg,云中的山
1840.jpeg,山上的花
1841.jpeg,河边的房子
1842.jpeg,远处的一座山
1843.jpeg,这座山被雪覆盖了
1844.jpeg,山上的湖泊
1845.jpeg,这是世界上最高的山
1846.jpeg,山上是云彩覆盖的
1847.jpeg,山中的一座山
1848.jpeg,天空中的山
1849.jpeg,到山顶的路在
1850.jpeg,这座山是绿色的
1851.jpeg,两只狗在日落时在湖边
1852.jpeg,太阳落在山上
1853.jpeg,太阳照耀着云层
1854.jpeg,远处的山是那些山
1855.jpeg,太阳在山脉上落下。
1856.jpeg,太阳从山上升起
1857.jpeg,通往顶点的路
1858.jpeg,山
1859.jpeg,晚上到山镇去。
1860.jpeg,远处的绿山是蓝色的
1861.jpeg,山上的湖泊
1862.jpeg,植物园中的一座木桥。
1863.jpeg,两只狗在日落时在湖边
1864.jpeg,太阳从山脉上照射下来
1865.jpeg,山中的湖
1866.jpeg,通往河上桥的路
1867.jpeg,森林中的山车
1868.jpeg,远处的一座山
1869.jpeg,一个人站在河里
1870.jpeg,后面的山是一座美丽的山
1871.jpeg,为居住在
1872.jpeg,天空中的白云是山
1873.jpeg,一个人走在一条路上
1874.jpeg,云层中的山脉
1875.jpeg,太阳落在山上
1876.jpeg,火车在山上
1877.jpeg,太阳在山上照耀着
1878.jpeg,天空中的电视塔
1879.jpeg,山中的湖
1880.jpeg,到山顶的路在
1881.jpeg,天空是蓝色和白色的
1882.jpeg,秋天山湖油画
1883.jpeg,湖边的房子
1884.jpeg,山车在日落时的路径上
1885.jpeg,人与马绘制的马
1886.jpeg,一大块棕色岩石
1887.jpeg,山上云彩
1888.jpeg,远处的一座山
1889.jpeg,山上的人
1890.jpeg,徒步旅行者走在陡峭的山上
1891.jpeg,一个女人在森林里散步
1892.jpeg,山上的松树
1893.jpeg,山在云中
1894.jpeg,云中的山峰
1895.jpeg,山上的田野
1896.jpeg,山顶的阴暗的天空
1897.jpeg,山谷的绿山
1898.jpeg,穿着黑色外套和帽子的男子
1899.jpeg,山车比赛在莱斯堡。瓦
1900.jpeg,云中的山
1901.jpeg,云彩是白色的
1902.jpeg,远处的山是
1903.jpeg,山顶
1904.jpeg,在一个山上的房子
1905.jpeg,美丽的山景
1906.jpeg,绿色的山丘被云覆盖
1907.jpeg,山上一片黄花的田野
1908.jpeg,云层正在滚进来
1909.jpeg,红沙丘上夕阳
1910.jpeg,一个坐在中间的码头上的人
1911.jpeg,在云中向山的路
1912.jpeg,云层在山上滚动着
1913.jpeg,秋天山湖
1914.jpeg,太阳光从云层中穿过
1915.jpeg,一个人站在一块岩石上。望着外面
1916.jpeg,山上夕阳
1917.jpeg,后面的湖是湖泊
1918.jpeg,天空中的山
1919.jpeg,山顶的景色
1920.jpeg,远处的白色房子是白色的
1921.jpeg,早晨的山和湖
1922.jpeg,站在湖边的岩石上的女人
1923.jpeg,后面的山脉。
1924.jpeg,远处的山
1925.jpeg,一个徒步旅行者和她一起站在一块岩石上
1926.jpeg,水里的树枝
1927.jpeg,按个人计算。山中的鹿
1928.jpeg,山上的花
1929.jpeg,在湖中映射的山
1930.jpeg,远处的山
1931.jpeg,阳光照射在树林中
1932.jpeg,湖中的一个小岛
1933.jpeg,在沙漠里骑山自行车。
1934.jpeg,一个人站在河里
1935.jpeg,在一个草地中
1936.jpeg,水流过岩石
1937.jpeg,这座山被雪覆盖了
1938.jpeg,远处的山
1939.jpeg,树木在山上日落
1940.jpeg,海面上从顶部的太阳下落
1941.jpeg,云中的山
1942.jpeg,天空中的山
1943.jpeg,后面的山湖
1944.jpeg,天空中的白云
1945.jpeg,前面的黄色花
1946.jpeg,火山是世界上最高的山。
1947.jpeg,远处的红山
1948.jpeg,山上的野花
1949.jpeg,冰原的绿色山
1950.jpeg,免费照片在山上
1951.jpeg,山中的湖
1952.jpeg,雨林的绿色山丘
1953.jpg,瀑布是一个受欢迎的旅游目的地。
1954.jpg,水是蓝色的。
1955.jpg,水是白色的
1956.jpg,雨林中的瀑布
1957.jpg,水是深绿色的
1958.jpg,瀑布是一个瀑布
1959.jpg,水是白色的
1960.jpg,水是蓝色的
1961.jpg,国家公园的瀑布
1962.jpg,水是绿色的
1963.jpg,水如此清澈。它在
1964.jpg,水很低
1965.jpg,世界地理特征类别
1966.jpg,山上的瀑布
1967.jpg,水正在流动
1968.jpg,水是白色的
1969.jpg,瀑布是一个长几英尺的瀑布
1970.jpg,瀑布是必备的
1971.jpg,森林中瀑布
1972.jpg,瀑布的空中景
1973.jpg,水从瀑布中掉下来
1974.jpg,国家公园的瀑布
1975.jpg,水是白色的
1976.jpg,瀑布是必备的  看一下
1977.jpg,水很浅
1978.jpg,水是绿色的
1979.jpg,水是绿色的
1980.jpg,水是棕色的
1981.jpg,瀑布是一座高几英尺的瀑布
1982.jpg,水是白色的
1983.jpg,水是蓝色的
1984.jpg,瀑布是一个长几英尺的瀑布
1985.jpg,水很清澈
1986.jpg,绿叶林中的瀑布
1987.jpg,瀑布是一个长几英尺的瀑布
1988.jpg,瀑布是瀑布。
1989.jpg,森林中瀑布
1990.jpg,瀑布是一个瀑布
1991.jpg,水是绿色的
1992.jpg,早上地理特征类别
1993.jpg,早上地理特征类别
1994.jpg,水是绿色的。
1995.jpg,天空中的彩虹
1996.jpg,水是白色的
1997.jpg,瀑布是一个长几英尺的大瀑布
1998.jpg,水是瀑布。
1999.jpg,雨林中的瀑布
2000.jpg,水是白色的
2001.jpg,湖中瀑布
2002.jpg,水如此清澈。你可以看到
2003.jpg,瀑布是一个位于的瀑布。
2004.jpg,水是绿色的
2005.jpg,瀑布是瀑布。
2006.jpg,湖中瀑布
2007.jpg,瀑布的空中景
2008.jpg,瀑布被绿色和紫色照亮
2009.jpg,水从瀑布中掉下来
2010.jpg,水从岩石上掉下来
2011.jpg,雨林中的瀑布
2012.jpg,森林中的瀑布
2013.jpg,瀑布是一个瀑布
2014.jpg,森林中的瀑布
2015.jpg,水是蓝色的
2016.jpg,水是白色的
2017.jpg,水从山上流下来
2018.jpg,河中瀑布
2019.jpg,水掉在河里
2020.jpg,丛林中的一个瀑布
2021.jpg,水正在流动
2022.jpg,瀑布是一个瀑布
2023.jpg,水是如此绿色的。在
2024.jpg,水是绿色的
2025.jpg,水是蓝色的
2026.jpg,瀑布是一个瀑布
2027.jpg,水在哥斯达黎加的山上掉下来
2028.jpg,水是绿色的
2029.jpg,水是绿色的
2030.jpg,水是棕色的
2031.jpg,水是绿色的
2032.jpg,水是绿色的
2033.jpg,森林中的瀑布和瀑布
2034.jpg,水从悬崖下掉下来
2035.jpg,水是绿色的
2036.jpg,水背景很绿。
2037.jpg,丛林中的瀑布
2038.jpg,水已经冻结了
2039.jpg,雨林中的瀑布
2040.jpg,河口的瀑布
2041.jpg,水是美丽的景象。
2042.jpg,瀑布是一个瀑布
2043.jpg,瀑布是一个瀑布
2044.jpg,瀑布是一个受欢迎的旅游目的地。
2045.jpg,早晨的水很绿。
2046.jpg,这个瀑布是其中的一部分
2047.jpg,瀑布很长
2048.jpg,瀑布是瀑布。
2049.jpg,丛林中的瀑布
2050.jpg,湖中水落
2051.jpg,水是绿色的
2052.jpg,水是白色的
2053.jpg,早晨的水那么清澈。
2054.jpg,雨林中的瀑布
2055.jpg,水如此清澈。它在
2056.jpg,水从瀑布的侧面流下来
2057.jpg,瀑布是一个瀑布
2058.jpg,瀑布是一个受欢迎的旅游目的地。
2059.jpg,瀑布是一座高几英尺的瀑布
2060.jpg,一大瀑布
2061.jpg,国家公园的瀑布
2062.jpg,世界地理特征类别
2063.jpg,水如此清澈。使得瀑布
2064.jpg,水是绿色的
2065.jpg,瀑布是一个瀑布
2066.jpg,瀑布是一个瀑布
2067.jpg,水如此清澈。你可以看到
2068.jpg,水是如此清晰的。水是如此清晰的
2069.jpg,水量很低
2070.jpg,瀑布是瀑布。
2071.jpg,水是白色的
2072.jpg,瀑布的空中景
2073.jpg,树木是绿色的
2074.jpg,湖中瀑布
2075.jpg,森林中的一个瀑布
2076.jpg,水是白色的
2077.jpg,水是绿色和棕色
2078.jpg,彩虹在瀑布上
2079.jpg,云林中的瀑布
2080.jpg,水从河里掉下来
2081.jpg,在茂密的绿色森林中瀑布
2082.jpg,瀑布是一种瀑布
2083.jpg,水是白色的
2084.jpg,水是白色的
2085.jpg,瀑布是一个受欢迎的旅游景点。
2086.jpg,水是绿色的
2087.jpg,瀑布是瀑布。
2088.jpg,水是绿色的
2089.jpg,湖中瀑布
2090.jpg,丛林里的瀑布
2091.jpg,国家公园的瀑布
2092.jpg,水是白色的
2093.jpg,雨林中的瀑布
2094.jpg,水是白色的
2095.jpg,水是蓝色的。
2096.jpg,水是绿色的
2097.jpg,水深灰色
2098.jpg,春天的水那么清澈。
2099.jpg,瀑布是一个瀑布
2100.jpg,夏季森林中的瀑布
2101.jpg,国家公园的瀑布
2102.jpg,水如此清澈。你可以看到
2103.jpg,湖里的水很蓝
2104.jpg,水从岩石上流下来
2105.jpg,森林中瀑布
2106.jpg,瀑布是一个受欢迎的旅游景点
2107.jpg,森林地理特征类别
2108.jpg,瀑布是一个通过河流的瀑布
2109.jpg,水如此清澈。
2110.jpg,一大瀑布
2111.jpg,瀑布是一个瀑布
2112.jpg,水中的彩虹
2113.jpg,水如此清澈。
2114.jpg,河流穿过峡谷
2115.jpg,丛林中的瀑布
2116.jpg,彩虹降落在瀑布上
2117.jpg,蓝天有点蓝
2118.jpg,瀑布是一个长几英尺的瀑布
2119.jpg,水是白色的
2120.jpg,雨林中的瀑布
2121.jpg,瀑布是必备的  看一下
2122.jpg,蓝山中的瀑布
2123.jpg,山中的一个瀑布
2124.jpg,瀑布是一个瀑布
2125.jpg,水是美丽的蓝色的
2126.jpg,丛林中的一个瀑布
2127.jpg,世界地理特征类别
2128.jpg,瀑布
2129.jpg,夏季地理特征类别
2130.jpg,水是白色的
2131.jpg,水是白色的
2132.jpg,水在空气中很低
2133.jpg,水很平静
2134.jpg,水是绿色的
2135.jpg,瀑布是必观的.
2136.jpg,丛林里的瀑布
2137.jpg,瀑布是一个瀑布
2138.jpg,瀑布是一个瀑布
2139.jpg,瀑布是一个瀑布
2140.jpg,悬崖上的瀑布
2141.jpg,水是绿色的
2142.jpg,水是一个非常受欢迎的特征。
2143.jpg,一大瀑布
2144.jpg,山中瀑布   stock photo 
2145.jpg,丛林中的一个瀑布
2146.jpg,瀑布是一个瀑布
2147.jpg,瀑布是一个瀑布
2148.jpg,瀑布是一个通过河流的瀑布
2149.jpg,水从瀑布底部掉下来
2150.jpg,瀑布是一个瀑布
2151.jpg,瀑布是一种通过丛林流出的瀑布
2152.jpg,水掉到森林里
2153.jpg,水是深蓝色的
2154.jpg,在后面的树木。
2155.jpg,水是蓝色的
2156.jpg,水很平静
2157.jpg,长长的木头码头
2158.jpg,水很平静
2159.jpg,水很平静
2160.jpg,水很平静
2161.jpg,岩石悬崖
2162.jpg,水是蓝色的
2163.jpg,外面的场景
2164.jpg,水是蓝色的
2165.jpg,外面的场景
2166.jpg,大量水体
2167.jpg,夜空是黑暗的
2168.jpg,水很平静
2169.jpg,水很平静
2170.jpg,水体
2171.jpg,水是蓝色的
2172.jpg,外面的场景
2173.jpg,树枝反射在水中
2174.jpg,水是清澈而蓝色的。
2175.jpg,水很平静
2176.jpg,水很平静
2177.jpg,湖里的水是那么蓝色。
2178.jpg,池塘里的蓝色水
2179.jpg,水很平静
2180.jpg,云彩是白色的
2181.jpg,水中 ripples
2182.jpg,水体
2183.jpg,水很平静
2184.jpg,水是清澈而蓝的
2185.jpg,水是绿色的。
2186.jpg,水边的松树
2187.jpg,树木是绿色的
2188.jpg,水中 ripples
2189.jpg,湖中清澈的水
2190.jpg,山脉
2191.jpg,有云彩的美丽的蓝天
2192.jpg,水是绿色的
2193.jpg,湖里的水是那么蓝色。
2194.jpg,水清澈
2195.jpg,树林
2196.jpg,外面的场景
2197.jpg,水很平静
2198.jpg,山上有雪
2199.jpg,背景中的山
2200.jpg,在这张照片中。海洋是蓝色的。
2201.jpg,水很平静
2202.jpg,湖里的水如此清澈。
2203.jpg,水是蓝色的
2204.jpg,树木是绿色的
2205.jpg,一条穿过山的河
2206.jpg,森林的空中景象
2207.jpg,大量水体
2208.jpg,大量水体
2209.jpg,水是蓝色的
2210.jpg,白天的场景
2211.jpg,一大山脉
2212.jpg,水是蓝色的
2213.jpg,树在森林里
2214.jpg,这张照片是一座桥在
2215.jpg,一大块岩石
2216.jpg,水体
2217.jpg,春天的水那么清澈。
2218.jpg,水很平静
2219.jpg,森林中的河
2220.jpg,水流过岩石
2221.jpg,水流过岩石
2222.jpg,水是蓝色的
2223.jpg,水正在流动
2224.jpg,水是蓝色的
2225.jpg,水是白色的
2226.jpg,天空是阴云的
2227.jpg,峡谷中的瀑布
2228.jpg,森林里的一个小瀑布
2229.jpg,一个小瀑布
2230.jpg,水正在流动
2231.jpg,水流过岩石
2232.jpg,水是蓝色的
2233.jpg,水是棕色的
2234.jpg,水流过岩石
2235.jpg,这条河是一条水的河。
2236.jpg,河上一座大桥
2237.jpg,河里的水很清澈
2238.jpg,水是深蓝色的
2239.jpg,水流过岩石
2240.jpg,水正在喷涌
2241.jpg,有一群树的河
2242.jpg,水很平静
2243.jpg,湖里的水如此清澈。
2244.jpg,一条河流过丛林
2245.jpg,水正在流动
2246.jpg,水很平静
2247.jpg,一个小瀑布
2248.jpg,有黄色和橙色的树叶
2249.jpg,水是蓝色的
2250.jpg,河流穿过森林
2251.jpg,水中的岩石
2252.jpg,水是白色的
2253.jpg,水很平静
2254.jpg,蓝色的灯光在山上
2255.jpg,水体
2256.jpg,一条穿过岩区的河流
2257.jpg,大型树干
2258.jpg,湖面上的冰
2259.jpg,水是蓝色的
2260.jpg,水流过岩石
2261.jpg,水很平静
2262.jpg,水里的一大块岩石
2263.jpg,白天的场景
2264.jpg,水流
2265.jpg,森林中的河
2266.jpg,水流过岩石
2267.jpg,河里有许多树木
2268.jpg,水从岩石上流下来
2269.jpg,外面的场景
2270.jpg,大量水体
2271.jpg,水清澈
2272.jpg,水正在流动
2273.jpg,水是蓝色的
2274.jpg,水清澈
2275.jpg,森林中的河
2276.jpg,一个小瀑布
2277.jpg,水正在流动
2278.jpg,水是蓝色的。
2279.jpg,水是白色的。泡沫的
2280.jpg,河流穿过岩石
2281.png,水很平静
2282.png,天空是蓝色的。有云
2283.png,水是蓝色的
2284.png,水是蓝色的
2285.png,水是蓝色的
2286.png,水是蓝色的
2287.png,天空是蓝的。清澈的
2288.png,水是蓝色的
2289.png,水很平静
2290.png,水很平静
2291.png,天空是蓝的。清澈的
2292.png,天空中的大云
2293.png,天空中的云
2294.png,水是蓝色的
2295.png,天空是阴云的
2296.png,大量水体
2297.png,天空是阴云的
2298.png,水是蓝色的
2299.png,水很平静
2300.png,天空是蓝的。清澈的
2301.png,水是蓝色的
2302.png,天空是晴朗的。蓝的
2303.png,水是灰色的
2304.png,天空是阴云的
2305.png,天空是蓝的。清澈的
2306.png,水是蓝色。
2307.png,天空是蓝的。清澈的
2308.png,水是蓝色的
2309.png,水很平静
2310.png,水是蓝色的
2311.png,天空是阴暗的
2312.png,天空是晴朗的。蓝的
2313.png,水是蓝色的
2314.png,水很平静
2315.png,天空晴朗
2316.png,水是蓝色的
2317.png,天空是阴云的
2318.png,天空是蓝色的。有云
2319.png,天空晴朗
2320.png,天空是晴朗的。蓝的
2321.png,天空是清澈的。可见的
2322.png,阴暗的蓝色天空
2323.png,水是蓝色的
2324.png,水是灰色的
2325.png,水是灰色的
2326.png,水是蓝色的
2327.png,水是蓝色的
2328.png,水很平静
2329.png,天空晴朗
2330.png,水很潮湿。
2331.png,水是蓝色的
2332.png,天空晴朗
2333.png,天空是阴云的
2334.png,水很平静
2335.png,阴暗的蓝色天空
2336.png,水很平静
2337.png,水是蓝色的
2338.png,天空是蓝色和白色的
2339.png,海洋中的一波
2340.png,阴暗的蓝色天空
2341.png,水很平静
2342.png,水很平静
2343.png,天空是清澈的。可见的
2344.png,水是蓝色的
2345.png,水是蓝色的
2346.png,水是蓝色的
2347.png,水是蓝色的
2348.png,天空是阴云的
2349.png,大量水体
2350.png,水是蓝色的
2351.png,天空是清澈的。白色的
2352.png,水很平静
